{
	"success":true,
	"data":{
		"topicList":[
			{
				"id":1,
				"title":"社会热点",
				"imgUrl":"//upload-images.jianshu.io/upload_images/11897912-d389edcfa7579205?imageMogr2/auto-orient/strip|imageView2/1/w/360/h/240"
			},
			{
				"id":2,
				"title":"手绘手绘",
				"imgUrl":"//upload-images.jianshu.io/upload_images/3949843-7449a633672cd42c.png?imageMogr2/auto-orient/strip|imageView2/1/w/360/h/240"
			}
		],
		"articleList":[
			{
				"id":1,
				"title":"袁世凯为何能权倾晚清与民国，看看他的9个儿媳妇就知道了！",
				"desc":"袁世凯是中国历史有名的人物，有人认为他是“国贼”，有人却说他推动了中国近代化，总之，是个极富争议的人物。在晚清政府中，身为汉人的袁世凯，地位相当...",
				"imgUrl":"//upload-images.jianshu.io/upload_images/12466103-c9d338b9e14f00ac.jpg?imageMogr2/auto-orient/strip|imageView2/1/w/360/h/240"
			},
			{
				"id":2,
				"title":"“不联系的情况下，男人要多久才能忘记一个女人？”答案就三个字",
				"desc":"面对爱情，每个人都有深刻的体会，无论是爱的轰轰烈烈还是痛的撕心裂肺，对于那些被爱情上伤过得人，都是记忆犹新，而且想起那个自己曾经深爱的人，不由自...",
				"imgUrl":"//upload-images.jianshu.io/upload_images/12796769-cf3736694b914f75.JPG?imageMogr2/auto-orient/strip|imageView2/1/w/360/h/240"
			},
			{
				"id":3,
				"title":"中国一点都不能少",
				"desc":"汉奸亘古不可饶， 卖国莫过领土抛。 大好河山千万里， 祖国一点不能少。",
				"imgUrl":"//upload-images.jianshu.io/upload_images/11994138-fc201dc303ff41c0.jpg?imageMogr2/auto-orient/strip|imageView2/1/w/300/h/240"
			},
			{
				"id":4,
				"title":"你为什么文笔不好，是因为你缺少这种感觉",
				"desc":"很多爱写作的同学都想自己写出来的文章文笔优美，逻辑通顺，成为佳作，一时洛阳纸贵，争相转发。 但是，在写作这条路上，即使有师傅领进门，很多东西还是...",
				"imgUrl":"//upload-images.jianshu.io/upload_images/7853521-f06d7162b266bce5.jpg?imageMogr2/auto-orient/strip|imageView2/1/w/300/h/240"
			}
		]
	}
}
