{
	"success":true,
	"data":{
		"writerList":[
			{
				"id":1,
				"name":"慕青林",
				"desc":"写了239.4k字 · 2.2k喜欢",
				"imgUrl":"//upload-images.jianshu.io/upload_images/12466103-c9d338b9e14f00ac.jpg?imageMogr2/auto-orient/strip|imageView2/1/w/360/h/240"
			},
			{
				"id":2,
				"name":"呼气同",
				"desc":"写了261.9k字 · 10.2k喜欢",
				"imgUrl":"//upload-images.jianshu.io/upload_images/12796769-cf3736694b914f75.JPG?imageMogr2/auto-orient/strip|imageView2/1/w/360/h/240"
			},
			{
				"id":3,
				"name":"三儿王余",
				"desc":"写了261.9k字 · 10.2k喜欢",
				"imgUrl":"//upload-images.jianshu.io/upload_images/12796769-cf3736694b914f75.JPG?imageMogr2/auto-orient/strip|imageView2/1/w/360/h/240"
			},
			{
				"id":4,
				"name":"冰千里",
				"desc":"写了261.9k字 · 10.2k喜欢",
				"imgUrl":"//upload-images.jianshu.io/upload_images/12796769-cf3736694b914f75.JPG?imageMogr2/auto-orient/strip|imageView2/1/w/360/h/240"
			},
			{
				"id":5,
				"name":"王波",
				"desc":"写了261.9k字 · 10.2k喜欢",
				"imgUrl":"//upload-images.jianshu.io/upload_images/12796769-cf3736694b914f75.JPG?imageMogr2/auto-orient/strip|imageView2/1/w/360/h/240"
			},
			{
				"id":6,
				"name":"行距伴君",
				"desc":"写了239.4k字 · 2.2k喜欢",
				"imgUrl":"//upload-images.jianshu.io/upload_images/12466103-c9d338b9e14f00ac.jpg?imageMogr2/auto-orient/strip|imageView2/1/w/360/h/240"
			},
			{
				"id":7,
				"name":"徐僧",
				"desc":"写了261.9k字 · 10.2k喜欢",
				"imgUrl":"//upload-images.jianshu.io/upload_images/12796769-cf3736694b914f75.JPG?imageMogr2/auto-orient/strip|imageView2/1/w/360/h/240"
			},
			{
				"id":8,
				"name":"吴晓不",
				"desc":"写了261.9k字 · 10.2k喜欢",
				"imgUrl":"//upload-images.jianshu.io/upload_images/12796769-cf3736694b914f75.JPG?imageMogr2/auto-orient/strip|imageView2/1/w/360/h/240"
			},
			{
				"id":9,
				"name":"名贵的考拉熊",
				"desc":"写了261.9k字 · 10.2k喜欢",
				"imgUrl":"//upload-images.jianshu.io/upload_images/12796769-cf3736694b914f75.JPG?imageMogr2/auto-orient/strip|imageView2/1/w/360/h/240"
			},
			{
				"id":10,
				"name":"格列柯南",
				"desc":"写了261.9k字 · 10.2k喜欢",
				"imgUrl":"//upload-images.jianshu.io/upload_images/12796769-cf3736694b914f75.JPG?imageMogr2/auto-orient/strip|imageView2/1/w/360/h/240"
			}
			
		]
	}
}